{"elements":[[7,8,0],[7,7,7],[6,6,6],[8,8,6],[9,6,20],[10,8,0],[11,8,20],[10,7,7],[13,7,7],[13,8,0],[12,6,26],[14,8,26],[12,10,15],[13,11,7],[14,12,15],[13,12,0],[10,12,0],[10,11,7],[9,10,14],[11,12,14],[7,11,7],[7,12,0],[8,12,27],[6,10,24],[8,15,13],[9,16,0],[7,16,0],[6,15,6],[9,22,0],[8,21,13],[7,20,13],[6,21,13],[7,22,0],[7,14,6],[10,14,0],[11,15,6],[12,14,6],[13,15,13],[14,19,0],[13,18,13],[12,17,20],[12,19,0],[14,22,0],[13,21,13],[12,20,13],[11,21,13],[10,20,0],[10,19,0],[9,18,13],[8,17,20],[6,17,0],[7,18,20],[11,23,6],[10,4,0],[11,5,6],[12,4,6],[11,3,33],[10,2,2],[7,1,1],[7,0,5],[8,2,7],[8,3,0],[9,3,2],[9,25,6],[9,26,20],[8,27,20],[8,26,0],[9,27,0],[11,26,33],[12,27,33],[12,26,0],[11,27,0],[14,16,0],[8,24,0],[12,24,0],[11,18,20],[10,0,5],[10,-1,0],[10,-2,6]],"lines":[[7,8,7,7,0],[6,7,6,6,1],[7,7,6,6,0],[8,8,7,7,0],[8,9,8,8,0],[11,8,9,6,0],[11,8,11,7,0],[10,8,10,7,0],[9,7,9,6,1],[13,8,13,7,0],[13,7,12,6,0],[12,7,12,6,0],[14,8,13,7,0],[14,9,14,8,1],[12,11,12,10,1],[13,11,12,10,0],[14,12,13,11,0],[14,13,14,12,0],[13,12,13,11,0],[10,11,9,10,0],[9,11,9,10,1],[10,12,10,11,0],[11,12,10,11,0],[11,13,11,12,0],[7,12,7,11,0],[8,12,7,11,0],[8,13,8,12,0],[7,11,6,10,0],[6,10,6,9,1],[9,16,8,15,1],[8,15,7,14,0],[7,14,6,15,0],[7,16,6,15,0],[9,22,8,21,1],[8,21,7,20,0],[7,20,6,21,0],[7,22,6,21,0],[11,15,10,14,0],[13,15,12,14,0],[14,16,13,15,0],[12,14,11,15,0],[14,19,13,18,0],[13,18,12,17,0],[12,17,11,18,0],[12,19,11,18,0],[14,22,13,21,0],[13,21,12,20,0],[11,21,10,20,0],[12,20,11,21,0],[10,19,9,18,1],[9,18,8,17,0],[8,17,7,18,0],[7,18,6,17,0],[11,5,10,4,0],[12,4,11,5,0],[12,4,11,3,0],[11,3,10,2,0],[7,1,7,0,0],[8,2,7,1,0],[8,3,8,2,0],[10,2,9,3,0],[9,3,8,2,0],[11,23,9,25,0],[9,27,9,26,0],[8,27,8,26,0],[9,26,8,27,0],[12,27,12,26,0],[11,27,11,26,1],[12,27,11,26,0],[9,25,8,24,0],[12,24,11,23,0],[10,0,10,-2,0]],"offsetX":-169.23936448926554,"offsetY":241.93117869931308,"scale":0.5404504568785812,"sketchTitle":""}